{"cameraMode":{"drawMode":0,"name":"Shaded","section":"Shading Mode"},"sceneLighting":false,"audioPlay":false,"sceneViewState":{"showFog":true,"showMaterialUpdate":false,"showSkybox":true,"showFlares":true,"showImageEffects":true,"showParticleSystems":true},"in2DMode":false,"pivot":{"x":0.17999982833862306,"y":0.25,"z":11.819999694824219},"rotation":{"x":-0.2572244703769684,"y":0.6473641395568848,"z":-0.24723464250564576,"w":-0.6735208630561829},"size":20.426040649414064,"orthographic":false}